ID_1,LIB_1,AU2010,LIBAU2010,SURF_1,POP2010_1,MEN2010_1,ID_2,LIB_2,DEP,SURF_2,POP2010_2,MEN2010_2,geometry
13002,Marseille-II,003,Marseille-Aix-en-Provence,3.495315,25495.0,12198.7,13002,Marseille-II,13,3.495315,25495.0,12198.7,"POLYGON ((5.345516030792201 43.33626666112757, 5.354778000380378 43.3348144891316, 5.369124520420858 43.31672618190565, 5.37502229116293 43.30159443183818, 5.373616303274699 43.29499203192401, 5.358998619947309 43.29548272949479, 5.363131821962354 43.30853209203211, 5.3601782577366 43.31887432214682, 5.345516030792201 43.33626666112757))"
13003,Marseille-III,003,Marseille-Aix-en-Provence,2.390397,44975.0,18685.11,13003,Marseille-III,13,2.390397,44975.0,18685.11,"POLYGON ((5.369124520420858 43.31672618190565, 5.371579990491392 43.32008292775165, 5.393183652367585 43.31641172833472, 5.390502914225269 43.30939767502607, 5.37502229116293 43.30159443183818, 5.369124520420858 43.31672618190565))"
13004,Marseille-IV,003,Marseille-Aix-en-Provence,2.975531,47911.0,24359.09,13004,Marseille-IV,13,2.975531,47911.0,24359.09,"POLYGON ((5.389077470356052 43.30031255564393, 5.393048748148267 43.30422952470791, 5.390502914225269 43.30939767502607, 5.393183652367585 43.31641172833472, 5.393641789626554 43.31646490007773, 5.410528387995516 43.31498283332422, 5.408969783921681 43.29569459186774, 5.389077470356052 43.30031255564393))"
13005,Marseille-V,003,Marseille-Aix-en-Provence,2.20438,45535.0,25499.88,13005,Marseille-V,13,2.20438,45535.0,25499.88,"POLYGON ((5.385564027835227 43.29429710554005, 5.389077470356052 43.30031255564393, 5.408969783921681 43.29569459186774, 5.413891293371089 43.2916972582235, 5.391944431126448 43.28475969389145, 5.385564027835227 43.29429710554005))"
13006,Marseille-VI,003,Marseille-Aix-en-Provence,1.781726,42133.0,23092.91,13006,Marseille-VI,13,1.781726,42133.0,23092.91,"POLYGON ((5.372145105803972 43.2909654363426, 5.380358148195546 43.29294449383014, 5.38184781746444 43.29590871211996, 5.385564027835227 43.29429710554005, 5.391944431126448 43.28475969389145, 5.388737067464788 43.28314779924885, 5.373816017366859 43.2791931446209, 5.372145105803972 43.2909654363426))"
13007,Marseille-VII,003,Marseille-Aix-en-Provence,3.92858,35904.0,19329.11,13007,Marseille-VII,13,3.92858,35904.0,19329.11,"POLYGON ((5.371008978125611 43.29359118310829, 5.372145105803972 43.2909654363426, 5.373816017366859 43.2791931446209, 5.372029921744809 43.2696115452304, 5.367987157546419 43.26831467860268, 5.347863295416424 43.28221696123515, 5.357269873323883 43.29385596801173, 5.371008978125611 43.29359118310829))"
13001,Marseille-I,003,Marseille-Aix-en-Provence,1.682241,39349.0,19760.96,13001,Marseille-I,13,1.682241,39349.0,19760.96,"POLYGON ((5.371008978125611 43.29359118310829, 5.373616303274699 43.29499203192401, 5.37502229116293 43.30159443183818, 5.390502914225269 43.30939767502607, 5.393048748148267 43.30422952470791, 5.389077470356052 43.30031255564393, 5.385564027835227 43.29429710554005, 5.38184781746444 43.29590871211996, 5.380358148195546 43.29294449383014, 5.372145105803972 43.2909654363426, 5.371008978125611 43.29359118310829))"
13015,Marseille-XV,003,Marseille-Aix-en-Provence,17.03616,79300.0,28667.47,13015,Marseille-XV,13,17.03616,79300.0,28667.47,"POLYGON ((5.332278900932961 43.37144556465974, 5.337395902067063 43.37652786065883, 5.353825557470062 43.37670271616267, 5.350373341049701 43.38250241405356, 5.371479018832495 43.38860323165603, 5.377116257296262 43.38378099698502, 5.377976929349733 43.37055922848777, 5.391623649808713 43.37207615969766, 5.3959798426057 43.37062056713048, 5.39446035571982 43.36730582961508, 5.380365679175259 43.35821185484226, 5.376049703868341 43.3414861200423, 5.368641461937557 43.33705849098687, 5.371579990491392 43.32008292775165, 5.369124520420858 43.31672618190565, 5.354778000380378 43.3348144891316, 5.345516030792201 43.33626666112757, 5.337729855273533 43.3394772959638, 5.345953889526394 43.34216969676299, 5.351362664475785 43.35475126983334, 5.346792456754091 43.36427369550829, 5.332278900932961 43.37144556465974))"
13014,Marseille-XIV,003,Marseille-Aix-en-Provence,16.114347,60070.0,23111.54,13014,Marseille-XIV,13,16.114347,60070.0,23111.54,"POLYGON ((5.368641461937557 43.33705849098687, 5.376049703868341 43.3414861200423, 5.380365679175259 43.35821185484226, 5.39446035571982 43.36730582961508, 5.3959798426057 43.37062056713048, 5.391623649808713 43.37207615969766, 5.41516859337397 43.37866382897542, 5.414895585116542 43.35126327591581, 5.407947081957346 43.33460662643645, 5.393641789626554 43.31646490007773, 5.393183652367585 43.31641172833472, 5.371579990491392 43.32008292775165, 5.368641461937557 43.33705849098687))"
13012,Marseille-XII,003,Marseille-Aix-en-Provence,13.835717,59561.0,25623.9,13012,Marseille-XII,13,13.835717,59561.0,25623.9,"POLYGON ((5.408969783921681 43.29569459186774, 5.410528387995516 43.31498283332422, 5.431502291649669 43.32276613254549, 5.459660772977949 43.3185111349016, 5.466645852376809 43.32300446152512, 5.475103783360107 43.31472960714548, 5.473581291006676 43.30134525479292, 5.436664854627004 43.29560465098923, 5.427576600719821 43.29338798865076, 5.425801881540987 43.29014293984493, 5.413891293371089 43.2916972582235, 5.408969783921681 43.29569459186774))"
13013,Marseille-XIII,003,Marseille-Aix-en-Provence,27.88839,90256.0,35444.36,13013,Marseille-XIII,13,27.88839,90256.0,35444.36,"POLYGON ((5.393641789626554 43.31646490007773, 5.407947081957346 43.33460662643645, 5.414895585116542 43.35126327591581, 5.41516859337397 43.37866382897542, 5.42457371051909 43.38341246319924, 5.439818849457546 43.39023475126636, 5.447505157885458 43.38697410945213, 5.463686224000956 43.36105411631222, 5.452203940691898 43.3454742426892, 5.454957707965447 43.33572682894619, 5.466645852376809 43.32300446152512, 5.459660772977949 43.3185111349016, 5.431502291649669 43.32276613254549, 5.410528387995516 43.31498283332422, 5.393641789626554 43.31646490007773))"
13010,Marseille-X,003,Marseille-Aix-en-Provence,10.848875,52567.0,23482.21,13010,Marseille-X,13,10.848875,52567.0,23482.21,"POLYGON ((5.391944431126448 43.28475969389145, 5.413891293371089 43.2916972582235, 5.425801881540987 43.29014293984493, 5.426051769120614 43.28671757495918, 5.43981971304568 43.28452665370042, 5.454033871645678 43.2717580938634, 5.458094251844195 43.26210800140899, 5.452243701070847 43.25746213818642, 5.433828925483429 43.26021800692227, 5.427530807824613 43.2653734514583, 5.414401892152137 43.26943864644489, 5.409343612580102 43.27513092064531, 5.399826460051589 43.27462295656105, 5.388737067464788 43.28314779924885, 5.391944431126448 43.28475969389145))"
13008,Marseille-VIII,003,Marseille-Aix-en-Provence,18.762717,78001.0,38485.77,13008,Marseille-VIII,13,18.762717,78001.0,38485.77,"POLYGON ((5.367987157546419 43.26831467860268, 5.372029921744809 43.2696115452304, 5.373816017366859 43.2791931446209, 5.388737067464788 43.28314779924885, 5.399826460051589 43.27462295656105, 5.395664601646624 43.26489641092854, 5.395780054764526 43.24779449019785, 5.389509649281599 43.23460634782757, 5.380518290225486 43.22669659516006, 5.381535677276966 43.20959295474594, 5.36266382335798 43.20780331326217, 5.340528426409472 43.21441397246123, 5.350139078642332 43.23047545281823, 5.358880302712535 43.23686358982606, 5.362548300656901 43.2428842163827, 5.368091638455314 43.24386970184349, 5.37333035647611 43.24823716980978, 5.37371179306999 43.25869490939383, 5.367987157546419 43.26831467860268))"
13009,Marseille-IX,003,Marseille-Aix-en-Provence,64.865854,75234.0,32321.03,13009,Marseille-IX,13,64.865854,75234.0,32321.03,"POLYGON ((5.380518290225486 43.22669659516006, 5.389509649281599 43.23460634782757, 5.395780054764526 43.24779449019785, 5.395664601646624 43.26489641092854, 5.399826460051589 43.27462295656105, 5.409343612580102 43.27513092064531, 5.414401892152137 43.26943864644489, 5.427530807824613 43.2653734514583, 5.433828925483429 43.26021800692227, 5.452243701070847 43.25746213818642, 5.470456822533931 43.25375288186826, 5.484103749846842 43.25613977477436, 5.485242420848743 43.2625671338488, 5.491759028054316 43.26718675908929, 5.51305125171696 43.26344418359961, 5.519641149198232 43.24432805330344, 5.524095938175557 43.23865265309402, 5.52221002263132 43.23551079399731, 5.512890709460232 43.23461196092846, 5.507344239773228 43.22962012330752, 5.516995655023639 43.21415942085432, 5.510186302764378 43.19790284777647, 5.50024595180132 43.20127451088955, 5.50160140198487 43.19764366857408, 5.458578331780823 43.21018708396743, 5.445120346657832 43.21197760082332, 5.453375198057024 43.2006859718517, 5.422304200148669 43.21068380731555, 5.427720707330908 43.20404658737136, 5.396696858459937 43.21236229835007, 5.381535677276966 43.20959295474594, 5.380518290225486 43.22669659516006))"
13011,Marseille-XI,003,Marseille-Aix-en-Provence,33.254307,57302.0,22094.24,13011,Marseille-XI,13,33.254307,57302.0,22094.24,"POLYGON ((5.425801881540987 43.29014293984493, 5.427576600719821 43.29338798865076, 5.436664854627004 43.29560465098923, 5.473581291006676 43.30134525479292, 5.475103783360107 43.31472960714548, 5.4978100716795 43.31535001829519, 5.513749009732614 43.32159582046501, 5.522810991651689 43.32076384999711, 5.530284851908681 43.29867351748449, 5.518420292065691 43.28801581487978, 5.514011744194481 43.28859543686343, 5.505738633506316 43.28138007701235, 5.506134404698085 43.2748905974313, 5.514442071450339 43.26769549199241, 5.51305125171696 43.26344418359961, 5.491759028054316 43.26718675908929, 5.485242420848743 43.2625671338488, 5.484103749846842 43.25613977477436, 5.470456822533931 43.25375288186826, 5.452243701070847 43.25746213818642, 5.458094251844195 43.26210800140899, 5.454033871645678 43.2717580938634, 5.43981971304568 43.28452665370042, 5.426051769120614 43.28671757495918, 5.425801881540987 43.29014293984493))"
13260,Cassis,003,Marseille-Aix-en-Provence,26.347984,7722.0,3717.0,13260,Cassis,13,26.347984,7722.0,3717.0,"POLYGON ((5.507344239773228 43.22962012330752, 5.512890709460232 43.23461196092846, 5.52221002263132 43.23551079399731, 5.524095938175557 43.23865265309402, 5.519641149198232 43.24432805330344, 5.547208935683313 43.24663326378077, 5.554783404693874 43.24863254442432, 5.578854609642118 43.23489251787234, 5.586290713752787 43.23876451539775, 5.594330295815372 43.23631278810088, 5.590000888548956 43.23504027110216, 5.58795742019442 43.22843849099526, 5.592460111588536 43.21880825187937, 5.57841745896366 43.2050059433429, 5.565660813363426 43.20030558108704, 5.555549746841759 43.18837795324114, 5.54944216351005 43.19379653490011, 5.547380298037128 43.20757918455469, 5.539121771693863 43.21113020553162, 5.517206977829811 43.20658605404373, 5.510186302764378 43.19790284777647, 5.516995655023639 43.21415942085432, 5.507344239773228 43.22962012330752))"
13400,Aubagne,003,Marseille-Aix-en-Provence,54.951401,46423.0,19079.52,13400,Aubagne,13,54.951401,46423.0,19079.52,"POLYGON ((5.51305125171696 43.26344418359961, 5.514442071450339 43.26769549199241, 5.523501115889373 43.26726877550792, 5.531210890097698 43.27037349885028, 5.53040664522861 43.2803915091914, 5.518420292065691 43.28801581487978, 5.530284851908681 43.29867351748449, 5.522810991651689 43.32076384999711, 5.548464237024992 43.33582353716965, 5.566388304885333 43.33517404106383, 5.609637099358051 43.32383353116493, 5.607021635080781 43.29301485080444, 5.615336292239036 43.27012384306801, 5.599100460742497 43.26489101710298, 5.586624483905315 43.26681014871748, 5.579557874803871 43.27018358772691, 5.570902832851874 43.26751017030268, 5.545091093959861 43.25331560605257, 5.547208935683313 43.24663326378077, 5.519641149198232 43.24432805330344, 5.51305125171696 43.26344418359961))"
13190,Allauch,003,Marseille-Aix-en-Provence,50.308538,19521.0,7531.06,13190,Allauch,13,50.308538,19521.0,7531.06,"POLYGON ((5.454957707965447 43.33572682894619, 5.467015188021112 43.3405828873633, 5.474362538369564 43.34912791042847, 5.473298650835789 43.36916896160216, 5.479809324146824 43.38541873318677, 5.504458862274909 43.38809156138191, 5.51100622331789 43.3836832033554, 5.544664559297494 43.39079036291092, 5.556982904045827 43.38023949607167, 5.56569330867448 43.35667523257927, 5.54756728161545 43.34258581928814, 5.548464237024992 43.33582353716965, 5.522810991651689 43.32076384999711, 5.513749009732614 43.32159582046501, 5.4978100716795 43.31535001829519, 5.475103783360107 43.31472960714548, 5.466645852376809 43.32300446152512, 5.454957707965447 43.33572682894619))"
13821,La  Penne-sur-Huveaune,003,Marseille-Aix-en-Provence,3.575653,6336.0,2545.45,13821,La  Penne-sur-Huveaune,13,3.575653,6336.0,2545.45,"POLYGON ((5.518420292065691 43.28801581487978, 5.53040664522861 43.2803915091914, 5.531210890097698 43.27037349885028, 5.523501115889373 43.26726877550792, 5.514442071450339 43.26769549199241, 5.506134404698085 43.2748905974313, 5.505738633506316 43.28138007701235, 5.514011744194481 43.28859543686343, 5.518420292065691 43.28801581487978))"
13380,Plan-de-Cuques,003,Marseille-Aix-en-Provence,8.54687,10917.0,4521.43,13380,Plan-de-Cuques,13,8.54687,10917.0,4521.43,"POLYGON ((5.475392379569122 43.39146030180308, 5.479809324146824 43.38541873318677, 5.473298650835789 43.36916896160216, 5.474362538369564 43.34912791042847, 5.467015188021112 43.3405828873633, 5.454957707965447 43.33572682894619, 5.452203940691898 43.3454742426892, 5.463686224000956 43.36105411631222, 5.447505157885458 43.38697410945213, 5.475392379569122 43.39146030180308))"
13109,Simiane-Collongue,003,Marseille-Aix-en-Provence,30.36926,5435.0,1996.0,13109,Simiane-Collongue,13,30.36926,5435.0,1996.0,"POLYGON ((5.392716445626132 43.41649576926468, 5.414667468348407 43.42173349204099, 5.418515646695031 43.42778630282644, 5.417182564487701 43.43458378769451, 5.445013220640208 43.44741627966742, 5.44987504966663 43.43861152004904, 5.46434490698477 43.43006511919883, 5.477378812626358 43.41210825276313, 5.475392379569122 43.39146030180308, 5.447505157885458 43.38697410945213, 5.439818849457546 43.39023475126636, 5.42457371051909 43.38341246319924, 5.409414375360976 43.39064512466791, 5.398091339971531 43.40058994668068, 5.392716445626132 43.41649576926468))"
13240,Septèmes-les-Vallons,003,Marseille-Aix-en-Provence,17.636979,11209.0,4447.28,13240,b'Sept\xe8mes-les-Vallons',13,17.636979,11209.0,4447.28,"POLYGON ((5.343634545705984 43.39886695136518, 5.345536989195882 43.40524294062753, 5.348255542136216 43.408054635658, 5.362299030105055 43.4088030103777, 5.379292987036449 43.41464085775298, 5.392716445626132 43.41649576926468, 5.398091339971531 43.40058994668068, 5.409414375360976 43.39064512466791, 5.42457371051909 43.38341246319924, 5.41516859337397 43.37866382897542, 5.391623649808713 43.37207615969766, 5.377976929349733 43.37055922848777, 5.377116257296262 43.38378099698502, 5.371479018832495 43.38860323165603, 5.350373341049701 43.38250241405356, 5.343634545705984 43.39886695136518))"
13016,Marseille-XVI,003,Marseille-Aix-en-Provence,14.312637,17133.0,6978.57,13016,Marseille-XVI,13,14.312637,17133.0,6978.57,"POLYGON ((5.27878488897041 43.38046964802309, 5.300135400741825 43.38706489960315, 5.319187884052383 43.37202419822751, 5.332278900932961 43.37144556465974, 5.346792456754091 43.36427369550829, 5.351362664475785 43.35475126983334, 5.345953889526394 43.34216969676299, 5.337729855273533 43.3394772959638, 5.329077990964315 43.34476661722937, 5.339603554887142 43.34190279527505, 5.341406150239705 43.34408586633542, 5.324114173133351 43.35375629304477, 5.316713363285136 43.35404976835585, 5.313493447829519 43.3595552117808, 5.303969361284843 43.36045086170475, 5.282251109451829 43.35365696706913, 5.278844513676494 43.3660856296315, 5.283305078565481 43.37498263805623, 5.27878488897041 43.38046964802309))"
13170,Les Pennes-Mirabeau,003,Marseille-Aix-en-Provence,34.023091,19482.0,7707.09,13170,Les Pennes-Mirabeau,13,34.023091,19482.0,7707.09,"POLYGON ((5.265085102730711 43.40107916530866, 5.272158777593671 43.40547508790721, 5.274935104159372 43.41888193372818, 5.293164753017597 43.42178264626701, 5.297134382198841 43.43151716391456, 5.310818977120224 43.43154983115096, 5.343943178374506 43.41974982332647, 5.374872782882438 43.42002979830635, 5.379292987036449 43.41464085775298, 5.362299030105055 43.4088030103777, 5.348255542136216 43.408054635658, 5.345536989195882 43.40524294062753, 5.343634545705984 43.39886695136518, 5.350373341049701 43.38250241405356, 5.353825557470062 43.37670271616267, 5.337395902067063 43.37652786065883, 5.332278900932961 43.37144556465974, 5.319187884052383 43.37202419822751, 5.300135400741825 43.38706489960315, 5.27878488897041 43.38046964802309, 5.271310002717548 43.39117416313923, 5.265085102730711 43.40107916530866))"
13740,Le  Rove,003,Marseille-Aix-en-Provence,22.781969,4273.0,1716.03,13740,Le  Rove,13,22.781969,4273.0,1716.03,"POLYGON ((5.214271893198378 43.38189852497108, 5.228539198385469 43.38201014469333, 5.252925443876057 43.39251212834663, 5.271310002717548 43.39117416313923, 5.27878488897041 43.38046964802309, 5.283305078565481 43.37498263805623, 5.278844513676494 43.3660856296315, 5.282251109451829 43.35365696706913, 5.25786076572371 43.33837531623983, 5.237172134499143 43.33172190420366, 5.234068223569603 43.34196425868782, 5.236507987763541 43.34859197898474, 5.230747911483094 43.35399404881277, 5.229446865224597 43.36434338646105, 5.214271893198378 43.38189852497108))"
13100,Aix-en-Provence,003,Marseille-Aix-en-Provence,89.256825,78061.100885,40846.345849653,13100,Aix-en-Provence,13,89.256825,78061.100885,40846.345849653,"POLYGON ((5.562057860695456 43.50426538018506, 5.549682942853614 43.50020097805375, 5.536933787023045 43.50440668109339, 5.531688501685145 43.50548321387635, 5.504792478971988 43.50921358332521, 5.491325643633702 43.50723701961633, 5.479508811232418 43.51255727320381, 5.471440129423372 43.51188660434602, 5.46810941982206 43.50765754367973, 5.468105435371957 43.50765979470515, 5.463982131819255 43.50809556279579, 5.462991801007013 43.50837041337842, 5.456973807402083 43.50850691632234, 5.450944294783973 43.50864334512509, 5.444927726737847 43.50877914637589, 5.438898157069316 43.50891490571098, 5.432881532235137 43.50905003892962, 5.430928998975217 43.51056135343301, 5.433067375533649 43.5134384840489, 5.427222313112556 43.5179528812044, 5.42138969530242 43.52247586109308, 5.421574317526788 43.52685519502024, 5.427592833480301 43.52672068712339, 5.4336242984599 43.52658555434724, 5.43381025522119 43.53097405297189, 5.44001527456354 43.53521927363855, 5.446234535889626 43.53947195328683, 5.440387859151858 43.54398714304001, 5.434367563969036 43.54412236214003, 5.428334259215208 43.54425753785163, 5.422499057595828 43.54878066167243, 5.420606294668091 43.55174804029681, 5.422683848982045 43.55316007512002, 5.428705119061173 43.55302550311364, 5.434739344066026 43.55289030593029, 5.434925476944961 43.55727901898135, 5.441133375417349 43.5615231752752, 5.447168464041193 43.56138728650102, 5.45319053908989 43.56125135577146, 5.459225570506412 43.56111479689195, 5.459413595875235 43.56550335814036, 5.464277142807383 43.5703619326061, 5.465625718255377 43.56974704904903, 5.471661613009605 43.56960979819143, 5.471850622666279 43.57399849877175, 5.471828242005246 43.57406530720561, 5.493953568131332 43.56665083163599, 5.506971205225404 43.57670360035977, 5.534950699860112 43.58139177335333, 5.557657335195496 43.5796264361611, 5.55294635577752 43.56307429760054, 5.538926765639779 43.55481530719474, 5.560914434366336 43.54217283071215, 5.561058231287554 43.53872131125336, 5.57043490086052 43.53672650446305, 5.57651173172208 43.5315142815745, 5.585756046520943 43.53017791653967, 5.618537185142439 43.53166936294667, 5.622085740267295 43.52566060050302, 5.637728138442101 43.52063598156599, 5.635605143774253 43.51425074742661, 5.628240891746151 43.51037865564837, 5.617629540433236 43.50497280937559, 5.600755667179775 43.50212056201642, 5.562057860695456 43.50426538018506))"
13120,Gardanne,003,Marseille-Aix-en-Provence,26.629891,20474.0,8480.23,13120,Gardanne,13,26.629891,20474.0,8480.23,"POLYGON ((5.441786725113507 43.47152156549048, 5.457415654593009 43.47890973539048, 5.469146497254597 43.48901239103278, 5.477882319066905 43.4860137088568, 5.484402501437194 43.46953600915619, 5.496141605481284 43.46325387388253, 5.529479868767737 43.44014806205811, 5.518349738265179 43.42912938202144, 5.499995486166285 43.42854656423756, 5.486505064104966 43.43158387973976, 5.46434490698477 43.43006511919883, 5.44987504966663 43.43861152004904, 5.445013220640208 43.44741627966742, 5.447993616588479 43.46665609789983, 5.441786725113507 43.47152156549048))"
13290,Les Milles,003,Marseille-Aix-en-Provence,61.972388,11249.389934,5046.0141496235,13290,Les Milles,13,61.972388,11249.389934,5046.0141496235,"POLYGON ((5.327507739137819 43.46126429775204, 5.301002708892895 43.44611484404538, 5.29848357666333 43.45912027393804, 5.289915881756831 43.46642063862097, 5.289305507233951 43.47313888389219, 5.271657287649602 43.4856789428069, 5.26957227725897 43.49546209147543, 5.287412100701569 43.50939079962571, 5.291801505132685 43.51281630724214, 5.294161521575544 43.51958838448876, 5.306780542334508 43.51504581459622, 5.312608319571617 43.51594594015596, 5.334286452884516 43.5192910600294, 5.348489993511267 43.53631154485597, 5.353078047947707 43.53535734309941, 5.356726359433651 43.53743819227083, 5.357168929399347 43.53676266632154, 5.358364785832705 43.53543145496396, 5.364397326111746 43.53530016900449, 5.367701533099551 43.53682134433488, 5.371395579596789 43.53639853524112, 5.377428191531131 43.53626652493273, 5.379753855275163 43.53655768365705, 5.385604124135726 43.53204471367965, 5.385421846064904 43.5276561299432, 5.385239976746028 43.5232767324791, 5.391075891477608 43.51875568535895, 5.396923874577102 43.51424323325214, 5.396740788584712 43.50985472416061, 5.396558113147245 43.50547540128093, 5.40239095959974 43.50095381126059, 5.406345944439177 43.49940765867021, 5.408236198157675 43.49643972776521, 5.408052305321958 43.49205129380336, 5.407868824841654 43.48767204599182, 5.407684988087359 43.48328363913082, 5.413700457659602 43.48314987283013, 5.419727384686855 43.48301551649523, 5.419543043878716 43.47863631704544, 5.419358339444644 43.47424782380516, 5.419261644002159 43.47195012242226, 5.406890922345665 43.47052002438924, 5.387538048254518 43.46190174567168, 5.359343448484416 43.47977423933562, 5.332813708852858 43.48758492275154, 5.32115222876447 43.48164248386617, 5.327507739137819 43.46126429775204))"
13320,Bouc-Bel-Air,003,Marseille-Aix-en-Provence,21.756684,13679.0,4952.71,13320,Bouc-Bel-Air,13,21.756684,13679.0,4952.71,"POLYGON ((5.374872782882438 43.42002979830635, 5.391705044037056 43.43554557467586, 5.387538048254518 43.46190174567168, 5.406890922345665 43.47052002438924, 5.419261644002159 43.47195012242226, 5.433594400717819 43.47360549842289, 5.441786725113507 43.47152156549048, 5.447993616588479 43.46665609789983, 5.445013220640208 43.44741627966742, 5.417182564487701 43.43458378769451, 5.418515646695031 43.42778630282644, 5.414667468348407 43.42173349204099, 5.392716445626132 43.41649576926468, 5.379292987036449 43.41464085775298, 5.374872782882438 43.42002979830635))"
13590,Meyreuil,003,Marseille-Aix-en-Provence,20.398511,5295.0,2002.81,13590,Meyreuil,13,20.398511,5295.0,2002.81,"POLYGON ((5.464782344730195 43.50343250775528, 5.471441612135217 43.51188657055965, 5.479508811232418 43.51255727320381, 5.491325643633702 43.50723701961633, 5.504792478971988 43.50921358332521, 5.531688501685145 43.50548321387635, 5.536933787023045 43.50440668109339, 5.532697696185132 43.48291982820194, 5.496141605481284 43.46325387388253, 5.484402501437194 43.46953600915619, 5.477882319066905 43.4860137088568, 5.469146497254597 43.48901239103278, 5.470883450009647 43.49202454697501, 5.465240911684401 43.49711242217369, 5.464782344730195 43.50343250775528))"
13080,Luynes,003,Marseille-Aix-en-Provence,16.769918,8072.618034,3398.5565861994,13080,Luynes,13,16.769918,8072.618034,3398.5565861994,"POLYGON ((5.479508811232418 43.51255727320381, 5.471441612135217 43.51188657055965, 5.464782344730195 43.50343250775528, 5.465240911684401 43.49711242217369, 5.470883450009647 43.49202454697501, 5.469146497254597 43.48901239103278, 5.457415654593009 43.47890973539048, 5.441786725113507 43.47152156549048, 5.433594400717819 43.47360549842289, 5.419261644002159 43.47195012242226, 5.419358339444644 43.47424782380516, 5.419543043878716 43.47863631704544, 5.419727384686855 43.48301551649523, 5.413700457659602 43.48314987283013, 5.407684988087359 43.48328363913082, 5.407868824841654 43.48767204599182, 5.408052305321958 43.49205129380336, 5.408236198157675 43.49643972776521, 5.406345944439177 43.49940765867021, 5.408419779845336 43.50082008171148, 5.408603728795039 43.50520854268008, 5.414805541523254 43.50945401433396, 5.420835224453063 43.50931959396379, 5.426851905796036 43.50918512878717, 5.430928998975217 43.51056135343301, 5.432881532235137 43.50905003892962, 5.438898157069316 43.50891490571098, 5.444927726737847 43.50877914637589, 5.450944294783973 43.50864334512509, 5.456973807402083 43.50850691632234, 5.462991801007013 43.50837041337842, 5.463982131819255 43.50809556279579, 5.468105435371957 43.50765979470515, 5.46810941982206 43.50765754367973, 5.471440129423372 43.51188660434602, 5.479508811232418 43.51255727320381))"
13090,Aix-en-Provence,003,Marseille-Aix-en-Provence,22.530353,34233.890122,15489.498815012,13090,Aix-en-Provence,13,22.530353,34233.890122,15489.498815012,"POLYGON ((5.356726359433651 43.53743819227083, 5.360389034551424 43.53952779647886, 5.37363933795561 43.54159688535758, 5.381735924390827 43.56438178817189, 5.374687232844427 43.57142506214123, 5.375184439810286 43.57176335531636, 5.381208142454447 43.57163140775123, 5.387244062851539 43.57149885683707, 5.3932677099229 43.57136624040741, 5.399120839866306 43.56685255830386, 5.398937418211434 43.5624638897991, 5.398754407889738 43.55808440754745, 5.398571036605506 43.55369563046915, 5.398388082161317 43.54931617453605, 5.404225236682047 43.54479434518813, 5.410258654350838 43.54466050939362, 5.410442884228297 43.54904910392052, 5.410626757099837 43.55342853866522, 5.416649567357054 43.55329460228464, 5.420606294668091 43.55174804029681, 5.422499057595828 43.54878066167243, 5.428334259215208 43.54425753785163, 5.434367563969036 43.54412236214003, 5.440387859151858 43.54398714304001, 5.446234535889626 43.53947195328683, 5.44001527456354 43.53521927363855, 5.43381025522119 43.53097405297189, 5.4336242984599 43.52658555434724, 5.427592833480301 43.52672068712339, 5.421574317526788 43.52685519502024, 5.42138969530242 43.52247586109308, 5.427222313112556 43.5179528812044, 5.433067375533649 43.5134384840489, 5.430928998975217 43.51056135343301, 5.426851905796036 43.50918512878717, 5.420835224453063 43.50931959396379, 5.414805541523254 43.50945401433396, 5.408603728795039 43.50520854268008, 5.408419779845336 43.50082008171148, 5.406345944439177 43.49940765867021, 5.40239095959974 43.50095381126059, 5.396558113147245 43.50547540128093, 5.396740788584712 43.50985472416061, 5.396923874577102 43.51424323325214, 5.391075891477608 43.51875568535895, 5.385239976746028 43.5232767324791, 5.385421846064904 43.5276561299432, 5.385604124135726 43.53204471367965, 5.379753855275163 43.53655768365705, 5.377428191531131 43.53626652493273, 5.371395579596789 43.53639853524112, 5.367701533099551 43.53682134433488, 5.364397326111746 43.53530016900449, 5.358364785832705 43.53543145496396, 5.357168929399347 43.53676266632154, 5.356726359433651 43.53743819227083))"
13510,Éguilles,003,Marseille-Aix-en-Provence,34.005024,7554.0,3173.54,13510,b'\xc9guilles',13,34.005024,7554.0,3173.54,"POLYGON ((5.348489993511267 43.53631154485597, 5.34487215772511 43.53861313294271, 5.341571192816025 43.55202454219307, 5.327385485178706 43.55377881716417, 5.304570329261098 43.56597577864938, 5.278506289885869 43.57488828115815, 5.265181563043789 43.57447362893582, 5.255846737232946 43.58142789950902, 5.251574048567406 43.58642285808654, 5.254209998423595 43.59208324233057, 5.282108321962066 43.58916086168436, 5.310069489760721 43.59097281861737, 5.321798625385715 43.59619502547729, 5.334503262490691 43.59279948624147, 5.357501953931776 43.5885849563298, 5.374687232844427 43.57142506214123, 5.381735924390827 43.56438178817189, 5.37363933795561 43.54159688535758, 5.360389034551424 43.53952779647886, 5.356726359433651 43.53743819227083, 5.353078047947707 43.53535734309941, 5.348489993511267 43.53631154485597))"
13540,Puyricard,003,Marseille-Aix-en-Provence,57.743396,13934.001025,5449.5930995125,13540,Puyricard,13,57.743396,13934.001025,5449.5930995125,"POLYGON ((5.365338579604201 43.62485422922409, 5.411258544778595 43.62267440697711, 5.444231814249092 43.62208178147021, 5.463795979876902 43.61364550340124, 5.465090607296202 43.57632155409725, 5.471828242005246 43.57406530720561, 5.471850622666279 43.57399849877175, 5.471661613009605 43.56960979819143, 5.465625718255377 43.56974704904903, 5.464277142807383 43.5703619326061, 5.459413595875235 43.56550335814036, 5.459225570506412 43.56111479689195, 5.45319053908989 43.56125135577146, 5.447168464041193 43.56138728650102, 5.441133375417349 43.5615231752752, 5.434925476944961 43.55727901898135, 5.434739344066026 43.55289030593029, 5.428705119061173 43.55302550311364, 5.422683848982045 43.55316007512002, 5.420606294668091 43.55174804029681, 5.416649567357054 43.55329460228464, 5.410626757099837 43.55342853866522, 5.410442884228297 43.54904910392052, 5.410258654350838 43.54466050939362, 5.404225236682047 43.54479434518813, 5.398388082161317 43.54931617453605, 5.398571036605506 43.55369563046915, 5.398754407889738 43.55808440754745, 5.398937418211434 43.5624638897991, 5.399120839866306 43.56685255830386, 5.3932677099229 43.57136624040741, 5.387244062851539 43.57149885683707, 5.381208142454447 43.57163140775123, 5.375184439810286 43.57176335531636, 5.374687232844427 43.57142506214123, 5.357501953931776 43.5885849563298, 5.334503262490691 43.59279948624147, 5.340578035831923 43.59779072139104, 5.356852118536567 43.60320936885709, 5.366322658895084 43.61837782921492, 5.36533853508661 43.62485314997353, 5.365338579604201 43.62485422922409))"
13114,Puyloubier,003,Marseille-Aix-en-Provence,40.833169,1821.0,659.918,13114,Puyloubier,13,40.833169,1821.0,659.918,"POLYGON ((5.618537185142439 43.53166936294667, 5.626236154484016 43.53578636262307, 5.669608406023244 43.54008429913748, 5.687765808677087 43.54541523187355, 5.706691200743566 43.55623382705888, 5.716863400009711 43.55119937844825, 5.725074131631319 43.55127331562422, 5.717834495484191 43.53510553225891, 5.714278275096085 43.50121988874554, 5.703217119163636 43.49534729574267, 5.698803629909509 43.48217905820952, 5.654307426216777 43.49071330147941, 5.628240891746151 43.51037865564837, 5.635605143774253 43.51425074742661, 5.637728138442101 43.52063598156599, 5.622085740267295 43.52566060050302, 5.618537185142439 43.53166936294667))"
13126,Vauvenargues,003,Marseille-Aix-en-Provence,55.229596,992.0,395.894,13126,Vauvenargues,13,55.229596,992.0,395.894,"POLYGON ((5.538926765639779 43.55481530719474, 5.55294635577752 43.56307429760054, 5.557657335195496 43.5796264361611, 5.587652146283516 43.59039349769999, 5.613951802573983 43.59430091451146, 5.628294494969205 43.58642879384921, 5.632309417341334 43.58028156811319, 5.641215939988203 43.57816637077752, 5.647848472027544 43.56975764357571, 5.669315104452784 43.56464155735942, 5.69168718482211 43.56334138238098, 5.706691200743566 43.55623382705888, 5.687765808677087 43.54541523187355, 5.669608406023244 43.54008429913748, 5.626236154484016 43.53578636262307, 5.618537185142439 43.53166936294667, 5.585756046520943 43.53017791653967, 5.57651173172208 43.5315142815745, 5.57043490086052 43.53672650446305, 5.561058231287554 43.53872131125336, 5.560914434366336 43.54217283071215, 5.538926765639779 43.55481530719474))"
13650,Meyrargues,003,Marseille-Aix-en-Provence,41.056132,3578.0,1449.87,13650,Meyrargues,13,41.056132,3578.0,1449.87,"POLYGON ((5.476659255618715 43.62348115783987, 5.48412532783854 43.63188957202404, 5.480832551590058 43.64831251981797, 5.488080466361239 43.6676470116486, 5.530507840887097 43.65923185842708, 5.549825777664815 43.65975187157703, 5.540149554863481 43.62917161935184, 5.547577995971687 43.61282950178072, 5.554035626283572 43.60340550122956, 5.587652146283516 43.59039349769999, 5.557657335195496 43.5796264361611, 5.534950699860112 43.58139177335333, 5.511123563295972 43.60680932320132, 5.489457342160335 43.61342106424748, 5.476659255618715 43.62348115783987))"
13770,Venelles,003,Marseille-Aix-en-Provence,20.936164,8185.0,3502.03,13770,Venelles,13,20.936164,8185.0,3502.03,"POLYGON ((5.463795979876902 43.61364550340124, 5.476659255618715 43.62348115783987, 5.489457342160335 43.61342106424748, 5.511123563295972 43.60680932320132, 5.534950699860112 43.58139177335333, 5.506971205225404 43.57670360035977, 5.493953568131332 43.56665083163599, 5.471828242005246 43.57406530720561, 5.465090607296202 43.57632155409725, 5.463795979876902 43.61364550340124))"
13790,Rousset,003,Marseille-Aix-en-Provence,57.757141,9498.0,3664.841,13790,Rousset,13,57.757141,9498.0,3664.841,"POLYGON ((5.653067892875563 43.46386421206838, 5.648459506706697 43.4469816701338, 5.650316112081962 43.42291023305901, 5.639066214803381 43.4041025866829, 5.628149411205143 43.40969634325875, 5.610457963206635 43.41189742232586, 5.604584159477835 43.43162648627583, 5.587470175161054 43.44271255401053, 5.590984197743599 43.45217884942203, 5.610247688835805 43.46035804536275, 5.611258211490226 43.46355607515792, 5.600263290668087 43.46885256549798, 5.590243185935742 43.46781382716435, 5.583715479471995 43.47601778925712, 5.532697696185132 43.48291982820194, 5.536933787023045 43.50440668109339, 5.549682942853614 43.50020097805375, 5.562057860695456 43.50426538018506, 5.600755667179775 43.50212056201642, 5.617629540433236 43.50497280937559, 5.628240891746151 43.51037865564837, 5.654307426216777 43.49071330147941, 5.657976018674368 43.47697674984126, 5.653067892875563 43.46386421206838))"
13105,Mimet,003,Marseille-Aix-en-Provence,18.485638,4519.0,1597.03,13105,Mimet,13,18.485638,4519.0,1597.03,"POLYGON ((5.46434490698477 43.43006511919883, 5.486505064104966 43.43158387973976, 5.499995486166285 43.42854656423756, 5.518349738265179 43.42912938202144, 5.529479868767737 43.44014806205811, 5.535253001974791 43.425395373098, 5.533234066695909 43.41654933055472, 5.528551317563129 43.41650553469366, 5.515614532768595 43.40669949563136, 5.504458862274909 43.38809156138191, 5.479809324146824 43.38541873318677, 5.475392379569122 43.39146030180308, 5.477378812626358 43.41210825276313, 5.46434490698477 43.43006511919883))"
13119,Saint-Savournin,003,Marseille-Aix-en-Provence,5.524779,3239.0,1226.03,13119,Saint-Savournin,13,5.524779,3239.0,1226.03,"POLYGON ((5.504458862274909 43.38809156138191, 5.515614532768595 43.40669949563136, 5.528551317563129 43.41650553469366, 5.533234066695909 43.41654933055472, 5.546355740976193 43.41562980207293, 5.559443221224697 43.40755343417077, 5.555924676523662 43.40506178888216, 5.537133091340814 43.40275866188213, 5.504458862274909 43.38809156138191))"
13710,Fuveau,003,Marseille-Aix-en-Provence,30.067615,9247.0,3572.0,13710,Fuveau,13,30.067615,9247.0,3572.0,"POLYGON ((5.496141605481284 43.46325387388253, 5.532697696185132 43.48291982820194, 5.583715479471995 43.47601778925712, 5.590243185935742 43.46781382716435, 5.600263290668087 43.46885256549798, 5.611258211490226 43.46355607515792, 5.610247688835805 43.46035804536275, 5.590984197743599 43.45217884942203, 5.587470175161054 43.44271255401053, 5.563186280467082 43.43309109979342, 5.558718152352325 43.43399740842045, 5.548320632374358 43.44075936642588, 5.529479868767737 43.44014806205811, 5.496141605481284 43.46325387388253))"
13850,Gréasque,003,Marseille-Aix-en-Provence,6.129023,4109.0,1674.97,13850,b'Gr\xe9asque',13,6.129023,4109.0,1674.97,"POLYGON ((5.529479868767737 43.44014806205811, 5.548320632374358 43.44075936642588, 5.558718152352325 43.43399740842045, 5.558262785715986 43.42155038090582, 5.563416427680419 43.41637005278054, 5.561498560080354 43.41016830955023, 5.559443221224697 43.40755343417077, 5.546355740976193 43.41562980207293, 5.533234066695909 43.41654933055472, 5.535253001974791 43.425395373098, 5.529479868767737 43.44014806205811))"
13950,Cadolive,003,Marseille-Aix-en-Provence,4.406185,2124.0,848.986,13950,Cadolive,13,4.406185,2124.0,848.986,"POLYGON ((5.504458862274909 43.38809156138191, 5.537133091340814 43.40275866188213, 5.555924676523662 43.40506178888216, 5.553747707542957 43.3985607003749, 5.544664559297494 43.39079036291092, 5.51100622331789 43.3836832033554, 5.504458862274909 43.38809156138191))"
13110,Port-de-Bouc,003,Marseille-Aix-en-Provence,11.905631,17216.0,6977.23,13110,Port-de-Bouc,13,11.905631,17216.0,6977.23,"POLYGON ((4.972216124031979 43.4218654731806, 4.980414957596468 43.43268532260125, 4.980825722390921 43.44530465427264, 5.016998822459046 43.43885068328624, 5.021420118689306 43.43288271883566, 5.0234492942109 43.42982032444755, 5.01433719215329 43.43127770925808, 5.00692165719249 43.42787829461874, 5.004520174294463 43.40466865243876, 5.00233551415514 43.40438240101538, 4.995505229964779 43.40348541631075, 4.983973391848888 43.40443450245785, 4.982354354599424 43.39614054006771, 4.975907724171761 43.40208957443413, 4.972216124031979 43.4218654731806))"
13117,Lavera,003,Marseille-Aix-en-Provence,16.517912,1760.417377,730.19379039523,13117,Lavera,13,16.517912,1760.417377,730.19379039523,"POLYGON ((5.00094924617196 43.39996433288541, 4.995505229964779 43.40348541631075, 5.00233551415514 43.40438240101538, 5.002691962607832 43.40355899018897, 5.003499698942963 43.40303149391112, 5.004885152382813 43.4013588488149, 5.006917378072879 43.40296819962558, 5.007771911423351 43.40482398275149, 5.011200793741134 43.4047603473527, 5.01461708681773 43.40469683749241, 5.017947201461114 43.40213306317676, 5.021263290542767 43.39957889693716, 5.024591945278273 43.39703235791324, 5.027921130414424 43.3944776066244, 5.031261455727281 43.39192159837202, 5.031173578149115 43.38943081182155, 5.031085384575343 43.38693085670121, 5.030997522227405 43.38444007932974, 5.034412587964156 43.3843759459888, 5.037829125748098 43.38431167706968, 5.041231599165642 43.38424756542516, 5.044559964394027 43.38170041402139, 5.044471527313432 43.37920965740975, 5.044383064357884 43.37671796111083, 5.044294642576436 43.37422721369754, 5.040878710159635 43.37429168617165, 5.037476824440416 43.37435578625477, 5.037388380392391 43.37185586461971, 5.03730023033381 43.36936404145961, 5.03721245530441 43.36688260998193, 5.037124320464686 43.36439079604332, 5.037036231413984 43.3619000659033, 5.040349153779587 43.35934525766046, 5.043675506937769 43.35678091465643, 5.043587112838512 43.3542892599608, 5.043499085254342 43.35180772704319, 5.043410701627526 43.34931594672648, 5.039996244923684 43.34938039011317, 5.036595828855691 43.34944446127687, 5.036507785493862 43.34695375897233, 5.036419749742363 43.34446306132199, 5.036331364049065 43.34196225124845, 5.032829462064595 43.33953577967548, 5.029504777181351 43.34209055504238, 5.026167584814118 43.34465558577515, 5.022478968835426 43.34530059222311, 5.019066205439909 43.34536434728337, 5.018370327566697 43.34526705228863, 5.025841979422615 43.35572056442616, 5.019247525532768 43.35693425258038, 5.016320423602732 43.35777513031542, 4.99926935083328 43.38001735727546, 4.986250511514157 43.39315299691941, 5.00094924617196 43.39996433288541))"
13270,Fos-sur-Mer,003,Marseille-Aix-en-Provence,88.886364,15357.0,5960.08,13270,Fos-sur-Mer,13,88.886364,15357.0,5960.08,"POLYGON ((4.816402807364344 43.41861548888902, 4.818731567982641 43.4251180992006, 4.840745605596472 43.44751342482838, 4.841644712927592 43.45090953451292, 4.829756071268235 43.45655521616125, 4.829334205114026 43.46000019277619, 4.838139317605899 43.46256825173777, 4.855717084580794 43.46746187855582, 4.876394044658018 43.49452724174857, 4.91462549461516 43.50850065259878, 4.928669936268997 43.51065557786569, 4.956122147496424 43.48563043189819, 4.962222971261408 43.47607082064919, 4.975899015476243 43.47413038810053, 4.979820672764156 43.46419492254826, 4.975823229546014 43.45108348637973, 4.980825722390921 43.44530465427264, 4.980414957596468 43.43268532260125, 4.972216124031979 43.4218654731806, 4.968929008949166 43.42614545785679, 4.941699282804091 43.42749255764132, 4.937710488765583 43.43184745082285, 4.924854923373298 43.4322113588893, 4.912153441347223 43.4271717782852, 4.906435114084144 43.41893969766177, 4.889386852772185 43.40994187151132, 4.885151394160446 43.41403864126134, 4.895565231129368 43.42398972298076, 4.905437878404689 43.42909017435831, 4.888051632188903 43.42717178073199, 4.883218260362685 43.41907536800878, 4.873192716443449 43.43270353020856, 4.86822151353638 43.43209608572418, 4.860619336543457 43.44443861276461, 4.861126354353918 43.45400538607478, 4.851314418812664 43.45084384769893, 4.877292166257916 43.4126537505724, 4.86620435339037 43.40493547446405, 4.829486077256365 43.42942750821891, 4.824950196945542 43.4242304655177, 4.85904326674096 43.40145042842742, 4.85391187502198 43.39847012580566, 4.841105713974946 43.40360185884183, 4.816402807364344 43.41861548888902))"
13500,Martigues,003,Marseille-Aix-en-Provence,58.441521,45783.582623,19810.116209605,13500,Martigues,13,58.441521,45783.582623,19810.116209605,"POLYGON ((5.002336553906564 43.4043803569519, 5.00233551415514 43.40438240101538, 5.004520174294463 43.40466865243876, 5.00692165719249 43.42787829461874, 5.01433719215329 43.43127770925808, 5.0234492942109 43.42982032444755, 5.021420118689306 43.43288271883566, 5.03905739555329 43.43714195238051, 5.045007840494494 43.44228552955097, 5.054234916157681 43.44300126742898, 5.061164647916394 43.4223055474497, 5.059949419793639 43.40491490392812, 5.072219353650107 43.40013586587054, 5.0963812786181 43.40140766611582, 5.103034669949507 43.38856287458815, 5.099897190891237 43.38204497627817, 5.102989365887669 43.36233022350762, 5.102091072032479 43.34580741970113, 5.088464494288802 43.3325364357909, 5.081483351324909 43.32765862988593, 5.067754179721489 43.33084632272983, 5.067750075752198 43.33084532132423, 5.067743092676921 43.33084653471886, 5.054587963124491 43.32667007152075, 5.036516406662971 43.33080912139306, 5.016841744228413 43.34312894257038, 5.018370327566697 43.34526705228863, 5.019066205439909 43.34536434728337, 5.022478968835426 43.34530059222311, 5.026167584814118 43.34465558577515, 5.029504777181351 43.34209055504238, 5.032829462064595 43.33953577967548, 5.036331364049065 43.34196225124845, 5.036419749742363 43.34446306132199, 5.036507785493862 43.34695375897233, 5.036595828855691 43.34944446127687, 5.039996244923684 43.34938039011317, 5.043410701627526 43.34931594672648, 5.043499085254342 43.35180772704319, 5.043587112838512 43.3542892599608, 5.043675506937769 43.35678091465643, 5.040349153779587 43.35934525766046, 5.037036231413984 43.3619000659033, 5.037124320464686 43.36439079604332, 5.03721245530441 43.36688260998193, 5.03730023033381 43.36936404145961, 5.037388380392391 43.37185586461971, 5.037476824440416 43.37435578625477, 5.040878710159635 43.37429168617165, 5.044294642576436 43.37422721369754, 5.044383064357884 43.37671796111083, 5.044471527313432 43.37920965740975, 5.044559964394027 43.38170041402139, 5.041231599165642 43.38424756542516, 5.037829125748098 43.38431167706968, 5.034412587964156 43.3843759459888, 5.030997522227405 43.38444007932974, 5.031085384575343 43.38693085670121, 5.031173578149115 43.38943081182155, 5.031261455727281 43.39192159837202, 5.027921130414424 43.3944776066244, 5.024591945278273 43.39703235791324, 5.021263290542767 43.39957889693716, 5.017947201461114 43.40213306317676, 5.01461708681773 43.40469683749241, 5.011200793741134 43.4047603473527, 5.007771911423351 43.40482398275149, 5.006917378072879 43.40296819962558, 5.004885152382813 43.4013588488149, 5.003499698942963 43.40303149391112, 5.002691962607832 43.40355899018897, 5.002336553906564 43.4043803569519))"
13920,Saint-Mitre-les-Remparts,003,Marseille-Aix-en-Provence,20.85989,5428.0,2252.14,13920,Saint-Mitre-les-Remparts,13,20.85989,5428.0,2252.14,"POLYGON ((4.975899015476243 43.47413038810053, 4.988077754839475 43.47826280929925, 5.001470901012705 43.46892737079873, 5.006006829672305 43.46967171878844, 5.039831140758918 43.47010235386123, 5.04814252769456 43.46647997350785, 5.053181858394317 43.46053560942301, 5.054234916157681 43.44300126742898, 5.045007840494494 43.44228552955097, 5.03905739555329 43.43714195238051, 5.021420118689306 43.43288271883566, 5.016998822459046 43.43885068328624, 4.980825722390921 43.44530465427264, 4.975823229546014 43.45108348637973, 4.979820672764156 43.46419492254826, 4.975899015476243 43.47413038810053))"
13111,Coudoux,003,Marseille-Aix-en-Provence,12.542657,3448.0,1302.1,13111,Coudoux,13,12.542657,3448.0,1302.1,"POLYGON ((5.226182988093995 43.56650447567701, 5.24669791554919 43.57449811388225, 5.255846737232946 43.58142789950902, 5.265181563043789 43.57447362893582, 5.278506289885869 43.57488828115815, 5.273649988832198 43.56885108672626, 5.282511235793671 43.5532284853477, 5.264966383050954 43.54801475261712, 5.264826814815823 43.53817981522802, 5.245433796243338 43.54627903211473, 5.236335359557383 43.54460316927002, 5.233571580559247 43.54736953749716, 5.226182988093995 43.56650447567701))"
13122,Ventabren,003,Marseille-Aix-en-Provence,26.06716,4581.0,1748.0,13122,Ventabren,13,26.06716,4581.0,1748.0,"POLYGON ((5.264966383050954 43.54801475261712, 5.282511235793671 43.5532284853477, 5.273649988832198 43.56885108672626, 5.278506289885869 43.57488828115815, 5.304570329261098 43.56597577864938, 5.327385485178706 43.55377881716417, 5.341571192816025 43.55202454219307, 5.34487215772511 43.53861313294271, 5.348489993511267 43.53631154485597, 5.334286452884516 43.5192910600294, 5.312608319571617 43.51594594015596, 5.306780542334508 43.51504581459622, 5.294161521575544 43.51958838448876, 5.290718413620243 43.52566508793477, 5.273945356659828 43.53695355034856, 5.264826814815823 43.53817981522802, 5.264966383050954 43.54801475261712))"
13580,La  Fare-les-Oliviers,003,Marseille-Aix-en-Provence,14.119515,6895.0,2750.01,13580,La  Fare-les-Oliviers,13,14.119515,6895.0,2750.01,"POLYGON ((5.176866141631097 43.56025881616259, 5.184354537271882 43.56872261912773, 5.210173950321267 43.5734647042427, 5.226182988093995 43.56650447567701, 5.233571580559247 43.54736953749716, 5.220630771492445 43.5455199776862, 5.216556218146322 43.53965354804918, 5.207564663697634 43.54009821954566, 5.201574066754886 43.53517914323242, 5.176795221466851 43.53979254386102, 5.176866141631097 43.56025881616259))"
13680,Lançon-Provence,003,Marseille-Aix-en-Provence,69.500416,8326.0,3113.05,13680,b'Lan\xe7on-Provence',13,69.500416,8326.0,3113.05,"POLYGON ((5.089271001124037 43.59656075425858, 5.096091973147644 43.59887724498441, 5.104270911156122 43.59965555984993, 5.127065813601811 43.60985920428968, 5.130944231661567 43.6155441545922, 5.129974356019572 43.62213410247087, 5.138537709064202 43.61984981070872, 5.141411146152735 43.61318663203144, 5.165112742759096 43.61028728980574, 5.196350150254278 43.60109074080088, 5.254209998423595 43.59208324233057, 5.251574048567406 43.58642285808654, 5.255846737232946 43.58142789950902, 5.24669791554919 43.57449811388225, 5.226182988093995 43.56650447567701, 5.210173950321267 43.5734647042427, 5.184354537271882 43.56872261912773, 5.176866141631097 43.56025881616259, 5.176795221466851 43.53979254386102, 5.162481952479424 43.53920560782538, 5.139253447862255 43.52676803562229, 5.129695183543809 43.52686630030572, 5.121719681007356 43.52292755232628, 5.10757511498104 43.55510053365268, 5.099751810557617 43.58141696081392, 5.102549117592948 43.58783431907662, 5.089271001124037 43.59656075425858))"
13880,Velaux,003,Marseille-Aix-en-Provence,24.842785,8515.0,3263.28,13880,Velaux,13,24.842785,8515.0,3263.28,"POLYGON ((5.200926711983271 43.52927935034579, 5.201574066754886 43.53517914323242, 5.207564663697634 43.54009821954566, 5.216556218146322 43.53965354804918, 5.220630771492445 43.5455199776862, 5.233571580559247 43.54736953749716, 5.236335359557383 43.54460316927002, 5.245433796243338 43.54627903211473, 5.264826814815823 43.53817981522802, 5.273945356659828 43.53695355034856, 5.290718413620243 43.52566508793477, 5.294161521575544 43.51958838448876, 5.291801505132685 43.51281630724214, 5.287412100701569 43.50939079962571, 5.26957227725897 43.49546209147543, 5.206463338498438 43.52462136646565, 5.200926711983271 43.52927935034579))"
13360,Roquevaire,003,Marseille-Aix-en-Provence,23.699259,8549.0,3456.0,13360,Roquevaire,13,23.699259,8549.0,3456.0,"POLYGON ((5.54756728161545 43.34258581928814, 5.56569330867448 43.35667523257927, 5.587567660474264 43.36662304119356, 5.600926861265132 43.36821965999317, 5.609584040239262 43.36621995115902, 5.632472193839363 43.34119174792126, 5.643613261202296 43.33537560772445, 5.649167511568352 43.32608504796791, 5.64683848105024 43.32316315499856, 5.634922603212895 43.32761274901187, 5.623047490582979 43.32297800529557, 5.609637099358051 43.32383353116493, 5.566388304885333 43.33517404106383, 5.548464237024992 43.33582353716965, 5.54756728161545 43.34258581928814))"
13124,Peypin,003,Marseille-Aix-en-Provence,13.515875,5384.0,1989.18,13124,Peypin,13,13.515875,5384.0,1989.18,"POLYGON ((5.544664559297494 43.39079036291092, 5.553747707542957 43.3985607003749, 5.555924676523662 43.40506178888216, 5.559443221224697 43.40755343417077, 5.561498560080354 43.41016830955023, 5.577486412784225 43.40353351451548, 5.581788015239127 43.40503340654756, 5.58671031200047 43.39288098772289, 5.59518547086123 43.39140868553766, 5.587567660474264 43.36662304119356, 5.56569330867448 43.35667523257927, 5.556982904045827 43.38023949607167, 5.544664559297494 43.39079036291092))"
13112,La  Destrousse,003,Marseille-Aix-en-Provence,3.003986,2953.0,1242.1,13112,La  Destrousse,13,3.003986,2953.0,1242.1,"POLYGON ((5.59518547086123 43.39140868553766, 5.603807559778051 43.38499121713178, 5.608309846363361 43.37650324882746, 5.609584040239262 43.36621995115902, 5.600926861265132 43.36821965999317, 5.587567660474264 43.36662304119356, 5.59518547086123 43.39140868553766))"
13390,Auriol,003,Marseille-Aix-en-Provence,44.190014,11764.0,4350.84,13390,Auriol,13,44.190014,11764.0,4350.84,"POLYGON ((5.61833147859114 43.38361440518024, 5.623032391215853 43.3925288508244, 5.649470368840734 43.38686217792318, 5.670408296520927 43.40002095927011, 5.67946613124376 43.40154352271599, 5.682788210899518 43.39916639076686, 5.689275081645143 43.38978687293441, 5.694175149785695 43.36552316038517, 5.703628184714138 43.35400910025493, 5.688145062397984 43.34100078628757, 5.689950196200831 43.33081153366049, 5.682961854837335 43.32184987085011, 5.669164393769379 43.31940956531113, 5.661102972076089 43.31703467435289, 5.64683848105024 43.32316315499856, 5.649167511568352 43.32608504796791, 5.643613261202296 43.33537560772445, 5.632472193839363 43.34119174792126, 5.609584040239262 43.36621995115902, 5.608309846363361 43.37650324882746, 5.61833147859114 43.38361440518024))"
13720,La  Bouilladisse,003,Marseille-Aix-en-Provence,25.712245,7789.0,2879.355,13720,La  Bouilladisse,13,25.712245,7789.0,2879.355,"POLYGON ((5.581788015239127 43.40503340654756, 5.577486412784225 43.40353351451548, 5.561498560080354 43.41016830955023, 5.563416427680419 43.41637005278054, 5.558262785715986 43.42155038090582, 5.558718152352325 43.43399740842045, 5.563186280467082 43.43309109979342, 5.587470175161054 43.44271255401053, 5.604584159477835 43.43162648627583, 5.610457963206635 43.41189742232586, 5.628149411205143 43.40969634325875, 5.639066214803381 43.4041025866829, 5.646949627298993 43.4004714014225, 5.670408296520927 43.40002095927011, 5.649470368840734 43.38686217792318, 5.623032391215853 43.3925288508244, 5.61833147859114 43.38361440518024, 5.608309846363361 43.37650324882746, 5.603807559778051 43.38499121713178, 5.59518547086123 43.39140868553766, 5.58671031200047 43.39288098772289, 5.581788015239127 43.40503340654756))"
83560,Rians,003,Marseille-Aix-en-Provence,404.329997,14232.0,5752.8343,83560,Rians,83,404.329997,14232.0,5752.8343,"POLYGON ((5.894974544127301 43.61034812425532, 5.91200766411106 43.59952073704868, 5.909958000551675 43.56496603943122, 5.910724714949985 43.56152432194997, 5.915371870060931 43.56064262179579, 5.915489754620192 43.56027980926584, 5.896983602241565 43.53901354726321, 5.858074269382591 43.54374647428151, 5.840370268026848 43.54289668122515, 5.827675312102436 43.54825197394257, 5.815263650924106 43.54350603197302, 5.78349058720705 43.53811309684225, 5.772522245493022 43.54417455422053, 5.754461073785312 43.54666920564371, 5.733481421071333 43.55367275971642, 5.725074131631319 43.55127331562422, 5.716863400009711 43.55119937844825, 5.706691200743566 43.55623382705888, 5.69168718482211 43.56334138238098, 5.669315104452784 43.56464155735942, 5.656919612067987 43.57528067994625, 5.687576911054538 43.58421256897075, 5.689606683836536 43.58737589501872, 5.680883529644795 43.61088221915109, 5.700600258837453 43.64252615007965, 5.709944125735199 43.64165399369652, 5.718973091303367 43.64983771579798, 5.77008749996234 43.66045838647149, 5.799205980470727 43.65992919310112, 5.804580762748587 43.68057055179072, 5.813249135065743 43.6890537208629, 5.788632037261507 43.69672019542332, 5.783261994780092 43.70623072405679, 5.784077605860946 43.71636558959387, 5.772454690644389 43.72218203864394, 5.753638595166495 43.72462213097003, 5.757333086433629 43.7294087958611, 5.781342487703015 43.7556572724427, 5.83182029575982 43.74595521187029, 5.843043216692074 43.73485781241172, 5.849043855354944 43.71817801184837, 5.855749313058136 43.72318910756319, 5.8749834295538 43.72298821686571, 5.888623974240467 43.72636416394427, 5.903143900645375 43.73551305702052, 5.905002454116644 43.75277985353075, 5.922661029335459 43.75753926743644, 5.92566163590136 43.7559639901765, 5.92591812074284 43.7524894166359, 5.938253164829097 43.74835768280009, 5.941732660949259 43.73824090026144, 5.939571708932831 43.73147444223162, 5.944047686334699 43.72552681401783, 5.95186211886837 43.72153385594626, 5.965626066039659 43.72263596396841, 5.975231977059871 43.71490014524554, 5.984533979529515 43.71449209800434, 5.98777141274574 43.6954213485912, 6.004165174183804 43.68828801003648, 6.011190694691829 43.67535228296575, 6.021735845978029 43.66828801897691, 6.026020244885 43.64396451579501, 6.013297617166788 43.62886642426979, 5.99243653130611 43.62341937258235, 5.961358709671083 43.6163830454767, 5.929675601827938 43.62111398199215, 5.90154879646295 43.61882555039748, 5.894974544127301 43.61034812425532))"
83910,Pourrières,003,Marseille-Aix-en-Provence,56.982637,4475.0,1657.31,83910,b'Pourri\xe8res',83,56.982637,4475.0,1657.31,"POLYGON ((5.703217119163636 43.49534729574267, 5.714278275096085 43.50121988874554, 5.717834495484191 43.53510553225891, 5.725074131631319 43.55127331562422, 5.733481421071333 43.55367275971642, 5.754461073785312 43.54666920564371, 5.772522245493022 43.54417455422053, 5.78349058720705 43.53811309684225, 5.778416955183878 43.52863734247549, 5.780148971690647 43.5186540813531, 5.775517207403751 43.51293924694891, 5.778336541129582 43.50651965576166, 5.774171761124316 43.50478164908283, 5.762832575927161 43.48580578339798, 5.763551932390238 43.47532608189925, 5.776559433870167 43.45668272586536, 5.783352605751581 43.4364611898182, 5.782834959071545 43.4260225947483, 5.787861709850678 43.4204114247576, 5.774000028396776 43.42156828248357, 5.75157388057643 43.43427546181817, 5.727213036722382 43.46708253485657, 5.71026217334629 43.47899441992925, 5.698803629909509 43.48217905820952, 5.703217119163636 43.49534729574267))"
13530,Trets,003,Marseille-Aix-en-Provence,70.542675,10288.0,4214.23,13530,Trets,13,70.542675,10288.0,4214.23,"POLYGON ((5.639066214803381 43.4041025866829, 5.650316112081962 43.42291023305901, 5.648459506706697 43.4469816701338, 5.653067892875563 43.46386421206838, 5.657976018674368 43.47697674984126, 5.654307426216777 43.49071330147941, 5.698803629909509 43.48217905820952, 5.71026217334629 43.47899441992925, 5.727213036722382 43.46708253485657, 5.75157388057643 43.43427546181817, 5.774000028396776 43.42156828248357, 5.787861709850678 43.4204114247576, 5.788349137006675 43.42026303284581, 5.786163790363926 43.41391017421649, 5.778915269219238 43.41007215646484, 5.749994874429127 43.4015121882019, 5.722595815100211 43.408469690168, 5.703263379560459 43.40799099012027, 5.682788210899518 43.39916639076686, 5.67946613124376 43.40154352271599, 5.670408296520927 43.40002095927011, 5.646949627298993 43.4004714014225, 5.639066214803381 43.4041025866829))"
13140,Miramas,003,Marseille-Aix-en-Provence,25.713901,25368.0,9916.3,13140,Miramas,13,25.713901,25368.0,9916.3,"POLYGON ((5.009774295422402 43.5562353739553, 5.004160833892584 43.55210031109411, 5.004219507682956 43.56549096883217, 4.98794837776755 43.58181979336544, 4.970716555281276 43.59910003407069, 4.980135316664154 43.60609345446299, 4.978381501743746 43.61633146932424, 4.988599255606117 43.61804439624765, 5.006713109586507 43.60637074890229, 5.016299129527149 43.60528438272149, 5.03884341016021 43.59207378399359, 5.043679582922221 43.5922708699369, 5.047579132270514 43.5790563631716, 5.057389472083769 43.57159791794289, 5.062623740197425 43.55845676511019, 5.053698926602009 43.56011185785083, 5.040699145366419 43.56870931179081, 5.031047406153737 43.5572702107406, 5.021999003613239 43.55616158077708, 5.01444704694375 43.5555473151563, 5.01444853102691 43.55554728761501, 5.014441448496318 43.55554647402062, 5.009774295422402 43.5562353739553))"
13118,Entressen,003,Marseille-Aix-en-Provence,43.555876,3486.469459,1302.6181712471,13118,Entressen,13,43.555876,3486.469459,1302.6181712471,"POLYGON ((4.883109385655239 43.57837826981052, 4.885630360029462 43.58881064375177, 4.918347582776805 43.61481605548951, 4.922604576121246 43.61653207656223, 4.941029836958698 43.62103776291361, 4.945895061219201 43.62095993380979, 4.954549123093994 43.61276668519942, 4.978381501743746 43.61633146932424, 4.980135316664154 43.60609345446299, 4.970716555281276 43.59910003407069, 4.98794837776755 43.58181979336544, 4.987584131669917 43.58156603460555, 4.987479165622866 43.57853505771182, 4.987373888313316 43.57549477765234, 4.983192102632786 43.57557123279012, 4.979022925092345 43.5756472969333, 4.978918384637343 43.5726152449009, 4.978813576158775 43.56957510401103, 4.978709095019566 43.56654414396325, 4.978604304053501 43.56350388083435, 4.974423751089618 43.56357999094914, 4.97025394832906 43.56365574482429, 4.970149929767053 43.56062478909645, 4.970045602748802 43.55758453031742, 4.965865098365839 43.55766031734194, 4.961697569401156 43.55773570873311, 4.957517043030188 43.55781117434405, 4.953349121149181 43.55788625199533, 4.949168943926603 43.55796138951352, 4.945001000263444 43.55803614671721, 4.940820430195342 43.55811096947885, 4.936652835889054 43.55818539959862, 4.932472244112801 43.55825990093881, 4.928304257163392 43.55833401722528, 4.924123643771314 43.55840819712716, 4.919954522165376 43.55848201263129, 4.915773887247913 43.55855587104941, 4.911606228433226 43.55862933981742, 4.907425572087505 43.55870287680634, 4.90335831383663 43.56181635605009, 4.903458808763421 43.56484737720402, 4.899278060371014 43.5649205943079, 4.895109547486758 43.56499343669717, 4.890928406751184 43.56506633882321, 4.886759872728242 43.5651388606974, 4.886753059939427 43.5651349290961, 4.883109385655239 43.57837826981052))"
13800,Istres,003,Marseille-Aix-en-Provence,70.62132,39057.530541,15969.511828753,13800,Istres,13,70.62132,39057.530541,15969.511828753,"POLYGON ((4.881812711597531 43.54144743032889, 4.889744314065887 43.55426080931473, 4.886753059939427 43.5651349290961, 4.886759872728242 43.5651388606974, 4.890928406751184 43.56506633882321, 4.895109547486758 43.56499343669717, 4.899278060371014 43.5649205943079, 4.903458808763421 43.56484737720402, 4.90335831383663 43.56181635605009, 4.907425572087505 43.55870287680634, 4.911606228433226 43.55862933981742, 4.915773887247913 43.55855587104941, 4.919954522165376 43.55848201263129, 4.924123643771314 43.55840819712716, 4.928304257163392 43.55833401722528, 4.932472244112801 43.55825990093881, 4.936652835889054 43.55818539959862, 4.940820430195342 43.55811096947885, 4.945001000263444 43.55803614671721, 4.949168943926603 43.55796138951352, 4.953349121149181 43.55788625199533, 4.957517043030188 43.55781117434405, 4.961697569401156 43.55773570873311, 4.965865098365839 43.55766031734194, 4.970045602748802 43.55758453031742, 4.970149929767053 43.56062478909645, 4.97025394832906 43.56365574482429, 4.974423751089618 43.56357999094914, 4.978604304053501 43.56350388083435, 4.978709095019566 43.56654414396325, 4.978813576158775 43.56957510401103, 4.978918384637343 43.5726152449009, 4.979022925092345 43.5756472969333, 4.983192102632786 43.57557123279012, 4.987373888313316 43.57549477765234, 4.987479165622866 43.57853505771182, 4.987584131669917 43.58156603460555, 4.98794837776755 43.58181979336544, 5.004219507682956 43.56549096883217, 5.004160833892584 43.55210031109411, 5.009774295422402 43.5562353739553, 5.014441448496318 43.55554647402062, 5.015528806724973 43.52768798477539, 5.002877463832593 43.51318088419567, 4.998849947316522 43.50299470119884, 5.003366442125649 43.48216692943079, 5.000634633901586 43.47539533359018, 5.006006829672305 43.46967171878844, 5.001470901012705 43.46892737079873, 4.988077754839475 43.47826280929925, 4.975899015476243 43.47413038810053, 4.962222971261408 43.47607082064919, 4.956122147496424 43.48563043189819, 4.928669936268997 43.51065557786569, 4.881812711597531 43.54144743032889))"
13490,Jouques,003,Marseille-Aix-en-Provence,80.238691,4238.0,1645.99,13490,Jouques,13,80.238691,4238.0,1645.99,"POLYGON ((5.602702377213869 43.61225218549849, 5.606716516568773 43.64634841978511, 5.610755168529963 43.65252639805869, 5.606943990045932 43.65868535369855, 5.623851436414872 43.6661482297882, 5.641422041905606 43.67198869997499, 5.657153475933763 43.6854428865007, 5.673112444815017 43.69350611732681, 5.682821594969925 43.69282575508176, 5.700435733958161 43.68139713389598, 5.71958115967834 43.65689856158826, 5.718973091303367 43.64983771579798, 5.709944125735199 43.64165399369652, 5.700600258837453 43.64252615007965, 5.680883529644795 43.61088221915109, 5.689606683836536 43.58737589501872, 5.687576911054538 43.58421256897075, 5.656919612067987 43.57528067994625, 5.669315104452784 43.56464155735942, 5.647848472027544 43.56975764357571, 5.641215939988203 43.57816637077752, 5.632309417341334 43.58028156811319, 5.628294494969205 43.58642879384921, 5.613951802573983 43.59430091451146, 5.605791058545823 43.60225792583444, 5.602702377213869 43.61225218549849))"
13860,Peyrolles-en-Provence,003,Marseille-Aix-en-Provence,34.806566,4682.0,1794.28,13860,Peyrolles-en-Provence,13,34.806566,4682.0,1794.28,"POLYGON ((5.540149554863481 43.62917161935184, 5.549825777664815 43.65975187157703, 5.573623505242622 43.66198287863425, 5.606943990045932 43.65868535369855, 5.610755168529963 43.65252639805869, 5.606716516568773 43.64634841978511, 5.602702377213869 43.61225218549849, 5.605791058545823 43.60225792583444, 5.613951802573983 43.59430091451146, 5.587652146283516 43.59039349769999, 5.554035626283572 43.60340550122956, 5.547577995971687 43.61282950178072, 5.540149554863481 43.62917161935184))"
13127,Vitrolles,003,Marseille-Aix-en-Provence,36.61699,35021.0,13580.91,13127,Vitrolles,13,36.61699,35021.0,13580.91,"POLYGON ((5.29848357666333 43.45912027393804, 5.301002708892895 43.44611484404538, 5.310818977120224 43.43154983115096, 5.297134382198841 43.43151716391456, 5.293164753017597 43.42178264626701, 5.274935104159372 43.41888193372818, 5.267155004632602 43.41633585434528, 5.260025991888337 43.4199762994184, 5.239008377900134 43.42308629962274, 5.220467965098713 43.44916364556027, 5.226718607616577 43.45392278586139, 5.229596377659975 43.46697665097191, 5.223417461430035 43.47912816017988, 5.250033651585445 43.47515897675564, 5.25825910404829 43.48318724978881, 5.271657287649602 43.4856789428069, 5.289305507233951 43.47313888389219, 5.289915881756831 43.46642063862097, 5.29848357666333 43.45912027393804))"
13340,Rognac,003,Marseille-Aix-en-Provence,17.98393,11770.0,4629.2,13340,Rognac,13,17.98393,11770.0,4629.2,"POLYGON ((5.194571848190734 43.50313522943826, 5.204409862550363 43.51463567880717, 5.206463338498438 43.52462136646565, 5.26957227725897 43.49546209147543, 5.271657287649602 43.4856789428069, 5.25825910404829 43.48318724978881, 5.250033651585445 43.47515897675564, 5.223417461430035 43.47912816017988, 5.21843302516297 43.48735700683042, 5.202793619121995 43.4911776792075, 5.194571848190734 43.50313522943826))"
13480,Cabriès,003,Marseille-Aix-en-Provence,36.463337,8572.0,3218.89,13480,b'Cabri\xe8s',13,36.463337,8572.0,3218.89,"POLYGON ((5.301002708892895 43.44611484404538, 5.327507739137819 43.46126429775204, 5.32115222876447 43.48164248386617, 5.332813708852858 43.48758492275154, 5.359343448484416 43.47977423933562, 5.387538048254518 43.46190174567168, 5.391705044037056 43.43554557467586, 5.374872782882438 43.42002979830635, 5.343943178374506 43.41974982332647, 5.310818977120224 43.43154983115096, 5.301002708892895 43.44611484404538))"
13700,Marignane,003,Marseille-Aix-en-Provence,23.994804,34485.0,14155.67,13700,Marignane,13,23.994804,34485.0,14155.67,"POLYGON ((5.171915281404549 43.41863813734049, 5.198606865557942 43.43959174976944, 5.200041266649978 43.44639426582225, 5.211921169534174 43.44567555866222, 5.220467965098713 43.44916364556027, 5.239008377900134 43.42308629962274, 5.230193220874708 43.42153111614233, 5.227194426943936 43.4190184936771, 5.229302197250747 43.41606788451094, 5.254468302669636 43.40923813537037, 5.263900579414075 43.40201276678394, 5.19608194627966 43.39254679758901, 5.188784749941369 43.39599687324903, 5.185467599081389 43.40551448860788, 5.171915281404549 43.41863813734049))"
13730,Saint-Victoret,003,Marseille-Aix-en-Provence,4.572708,6561.0,2579.41,13730,Saint-Victoret,13,4.572708,6561.0,2579.41,"POLYGON ((5.227194426943936 43.4190184936771, 5.230193220874708 43.42153111614233, 5.239008377900134 43.42308629962274, 5.260025991888337 43.4199762994184, 5.267155004632602 43.41633585434528, 5.274935104159372 43.41888193372818, 5.272158777593671 43.40547508790721, 5.265085102730711 43.40107916530866, 5.263900579414075 43.40201276678394, 5.254468302669636 43.40923813537037, 5.229302197250747 43.41606788451094, 5.227194426943936 43.4190184936771))"
13130,Berre-l'Étang,003,Marseille-Aix-en-Provence,43.9651,13582.0,4983.44,13130,"b""Berre-l'\xc9tang""",13,43.9651,13582.0,4983.44,"POLYGON ((5.118072065257071 43.51321471675612, 5.121719681007356 43.52292755232628, 5.129695183543809 43.52686630030572, 5.139253447862255 43.52676803562229, 5.162481952479424 43.53920560782538, 5.176795221466851 43.53979254386102, 5.201574066754886 43.53517914323242, 5.200926711983271 43.52927935034579, 5.206463338498438 43.52462136646565, 5.204409862550363 43.51463567880717, 5.194571848190734 43.50313522943826, 5.202793619121995 43.4911776792075, 5.16465471978551 43.47048041415461, 5.156478293799132 43.45839358486754, 5.147580325431983 43.45799423155865, 5.124684268885884 43.48435753129751, 5.113705462936744 43.50745879130308, 5.118072065257071 43.51321471675612))"
13250,Saint-Chamas,003,Marseille-Aix-en-Provence,41.056153,9115.0,3820.828,13250,Saint-Chamas,13,41.056153,9115.0,3820.828,"POLYGON ((5.043679582922221 43.5922708699369, 5.062268026796288 43.59229741664397, 5.084890279749525 43.59800422013141, 5.089271001124037 43.59656075425858, 5.102549117592948 43.58783431907662, 5.099751810557617 43.58141696081392, 5.10757511498104 43.55510053365268, 5.121719681007356 43.52292755232628, 5.118072065257071 43.51321471675612, 5.116734044842446 43.52019819362851, 5.10470154481685 43.52567104836522, 5.060998191604897 43.52729334203131, 5.047407472397652 43.52356293990101, 5.035413733390507 43.53451701541085, 5.03237589498306 43.54478063338647, 5.021999003613239 43.55616158077708, 5.031047406153737 43.5572702107406, 5.040699145366419 43.56870931179081, 5.053698926602009 43.56011185785083, 5.062623740197425 43.55845676511019, 5.057389472083769 43.57159791794289, 5.047579132270514 43.5790563631716, 5.043679582922221 43.5922708699369))"
13180,Gignac-la-Nerthe,003,Marseille-Aix-en-Provence,8.042344,9018.0,3464.22,13180,Gignac-la-Nerthe,13,8.042344,9018.0,3464.22,"POLYGON ((5.195503027877917 43.38254128805458, 5.19608194627966 43.39254679758901, 5.263900579414075 43.40201276678394, 5.265085102730711 43.40107916530866, 5.271310002717548 43.39117416313923, 5.252925443876057 43.39251212834663, 5.228539198385469 43.38201014469333, 5.214271893198378 43.38189852497108, 5.198352542116337 43.37636397011061, 5.195503027877917 43.38254128805458))"
13220,Châteauneuf-les-Martigues,003,Marseille-Aix-en-Provence,33.150652,11665.0,4777.68,13220,b'Ch\xe2teauneuf-les-Martigues',13,33.150652,11665.0,4777.68,"POLYGON ((5.0963812786181 43.40140766611582, 5.11503740012268 43.40425822018772, 5.12760866122298 43.40006940966209, 5.137128183425024 43.40051193673414, 5.171915281404549 43.41863813734049, 5.185467599081389 43.40551448860788, 5.188784749941369 43.39599687324903, 5.19608194627966 43.39254679758901, 5.195503027877917 43.38254128805458, 5.186291642395 43.3755196989434, 5.184370112366603 43.36553223623014, 5.170811233613468 43.36382530659559, 5.143988171714739 43.36928273069318, 5.13871506398592 43.36448284247088, 5.13148999647429 43.36624489672142, 5.102989365887669 43.36233022350762, 5.099897190891237 43.38204497627817, 5.103034669949507 43.38856287458815, 5.0963812786181 43.40140766611582))"
13820,Ensuès-la-Redonne,003,Marseille-Aix-en-Provence,25.802879,5225.0,2016.8,13820,b'Ensu\xe8s-la-Redonne',13,25.802879,5225.0,2016.8,"POLYGON ((5.13871506398592 43.36448284247088, 5.143988171714739 43.36928273069318, 5.170811233613468 43.36382530659559, 5.184370112366603 43.36553223623014, 5.186291642395 43.3755196989434, 5.195503027877917 43.38254128805458, 5.198352542116337 43.37636397011061, 5.214271893198378 43.38189852497108, 5.229446865224597 43.36434338646105, 5.230747911483094 43.35399404881277, 5.236507987763541 43.34859197898474, 5.234068223569603 43.34196425868782, 5.237172134499143 43.33172190420366, 5.224131347438426 43.32828321956044, 5.184769659922107 43.33248792503515, 5.169374427103237 43.34860924097681, 5.147670049439185 43.36213669597002, 5.13871506398592 43.36448284247088))"
13620,Carry-le-Rouet,003,Marseille-Aix-en-Provence,10.259228,6305.0,2971.03,13620,Carry-le-Rouet,13,10.259228,6305.0,2971.03,"POLYGON ((5.13148999647429 43.36624489672142, 5.13871506398592 43.36448284247088, 5.147670049439185 43.36213669597002, 5.169374427103237 43.34860924097681, 5.184769659922107 43.33248792503515, 5.176592118304259 43.33337272210351, 5.165857912014997 43.32790087853761, 5.148116735642446 43.32649951510307, 5.135188306076021 43.32922138062432, 5.135715632456971 43.34213350507837, 5.140807938245673 43.34777433061735, 5.13148999647429 43.36624489672142))"
13960,Sausset-les-Pins,003,Marseille-Aix-en-Provence,11.844366,7606.0,3584.81,13960,Sausset-les-Pins,13,11.844366,7606.0,3584.81,"POLYGON ((5.088464494288802 43.3325364357909, 5.102091072032479 43.34580741970113, 5.102989365887669 43.36233022350762, 5.13148999647429 43.36624489672142, 5.140807938245673 43.34777433061735, 5.135715632456971 43.34213350507837, 5.135188306076021 43.32922138062432, 5.096864318304177 43.32928717691745, 5.088464494288802 43.3325364357909))"
13470,Carnoux-en-Provence,003,Marseille-Aix-en-Provence,3.730293,6862.0,2777.36,13470,Carnoux-en-Provence,13,3.730293,6862.0,2777.36,"POLYGON ((5.545091093959861 43.25331560605257, 5.570902832851874 43.26751017030268, 5.579557874803871 43.27018358772691, 5.586624483905315 43.26681014871748, 5.575956495153051 43.25572485993028, 5.554783404693874 43.24863254442432, 5.547208935683313 43.24663326378077, 5.545091093959861 43.25331560605257))"
13830,Roquefort-la-Bédoule,003,Marseille-Aix-en-Provence,30.268353,5052.0,1950.01,13830,b'Roquefort-la-B\xe9doule',13,30.268353,5052.0,1950.01,"POLYGON ((5.554783404693874 43.24863254442432, 5.575956495153051 43.25572485993028, 5.586624483905315 43.26681014871748, 5.599100460742497 43.26489101710298, 5.615336292239036 43.27012384306801, 5.656949412119141 43.2670475301803, 5.661514927019155 43.26723228213813, 5.668476571869484 43.25878870586212, 5.701220147243386 43.24715588120655, 5.704507987770065 43.24165596925535, 5.682416246461246 43.23545596523297, 5.658739038038096 43.2361407726872, 5.631239516373644 43.24183663882331, 5.594330295815372 43.23631278810088, 5.586290713752787 43.23876451539775, 5.578854609642118 43.23489251787234, 5.554783404693874 43.24863254442432))"
13420,Gémenos,003,Marseille-Aix-en-Provence,32.792663,6137.0,2474.69,13420,b'G\xe9menos',13,32.792663,6137.0,2474.69,"POLYGON ((5.607021635080781 43.29301485080444, 5.609637099358051 43.32383353116493, 5.623047490582979 43.32297800529557, 5.634922603212895 43.32761274901187, 5.64683848105024 43.32316315499856, 5.661102972076089 43.31703467435289, 5.669164393769379 43.31940956531113, 5.681720272693056 43.31903645147703, 5.691040150670948 43.31296329647878, 5.696332043085238 43.30751157393033, 5.694846144114777 43.30420919127187, 5.678739737390487 43.29734536434982, 5.656949412119141 43.2670475301803, 5.615336292239036 43.27012384306801, 5.607021635080781 43.29301485080444))"
83640,Saint-Zacharie,003,Marseille-Aix-en-Provence,51.875951,6491.0,2620.669,83640,Saint-Zacharie,83,51.875951,6491.0,2620.669,"POLYGON ((5.682788210899518 43.39916639076686, 5.703263379560459 43.40799099012027, 5.722595815100211 43.408469690168, 5.749994874429127 43.4015121882019, 5.739737618517321 43.39455336410217, 5.738920353126121 43.38046823883433, 5.743032001073278 43.35643739602232, 5.749912609867132 43.34318365832775, 5.763889982067889 43.34147725642966, 5.792708333950819 43.34521021713023, 5.824442434980645 43.35424315105961, 5.824378544533099 43.3441181093421, 5.817588455682746 43.33945214323618, 5.799655513450435 43.33741564490184, 5.779006277410535 43.33063859556247, 5.726600652782145 43.31736440570852, 5.691040150670948 43.31296329647878, 5.681720272693056 43.31903645147703, 5.669164393769379 43.31940956531113, 5.682961854837335 43.32184987085011, 5.689950196200831 43.33081153366049, 5.688145062397984 43.34100078628757, 5.703628184714138 43.35400910025493, 5.694175149785695 43.36552316038517, 5.689275081645143 43.38978687293441, 5.682788210899518 43.39916639076686))"
13410,Lambesc,003,Marseille-Aix-en-Provence,65.287147,9239.0,3740.0,13410,Lambesc,13,65.287147,9239.0,3740.0,"POLYGON ((5.181133944014067 43.65761956290943, 5.182364501353021 43.66126745853674, 5.191745502709848 43.662131816012, 5.206374352312408 43.67526649618718, 5.223319709883333 43.68016903872483, 5.212534948217072 43.69060537194677, 5.228685490074588 43.70298649105025, 5.236864793512661 43.69544654547797, 5.250083981531784 43.6965507071782, 5.268872342900107 43.71982698428083, 5.276976212318094 43.69639672101831, 5.288420608117057 43.69001707557695, 5.297969334616585 43.69053590741348, 5.301317431936683 43.68803526723688, 5.308820744290129 43.65380338506021, 5.317471585635324 43.63810905486369, 5.298885935436301 43.6419701098507, 5.28108233054405 43.63687195616093, 5.270404049436677 43.62982262989672, 5.259035501444906 43.61114677085533, 5.25075165167793 43.60776347969755, 5.24147134412636 43.60932390999957, 5.233914483176507 43.62933579262462, 5.214467768619264 43.64433442177714, 5.186978597708702 43.63988653467385, 5.182699569747628 43.64143912874273, 5.181133944014067 43.65761956290943))"
13760,Saint-Cannat,003,Marseille-Aix-en-Provence,36.828501,5523.0,2120.19,13760,Saint-Cannat,13,36.828501,5523.0,2120.19,"POLYGON ((5.259035501444906 43.61114677085533, 5.270404049436677 43.62982262989672, 5.28108233054405 43.63687195616093, 5.298885935436301 43.6419701098507, 5.317471585635324 43.63810905486369, 5.35147703835734 43.62619882328774, 5.365338579604201 43.62485422922409, 5.36533853508661 43.62485314997353, 5.366322658895084 43.61837782921492, 5.356852118536567 43.60320936885709, 5.340578035831923 43.59779072139104, 5.334503262490691 43.59279948624147, 5.321798625385715 43.59619502547729, 5.310069489760721 43.59097281861737, 5.282108321962066 43.58916086168436, 5.254209998423595 43.59208324233057, 5.259035501444906 43.61114677085533))"
13840,Rognes,003,Marseille-Aix-en-Provence,58.241984,4682.0,1704.98,13840,Rognes,13,58.241984,4682.0,1704.98,"POLYGON ((5.297969334616585 43.69053590741348, 5.306865351362681 43.69270607368419, 5.310511271572047 43.69881312739984, 5.329302347760265 43.70874705715764, 5.347042750091585 43.7113371700321, 5.35414646761347 43.70690705429216, 5.367931858340132 43.70655379767254, 5.370576274430362 43.69370399455702, 5.396329263800498 43.67611693553997, 5.398219766345165 43.65935803825052, 5.393562860635212 43.64968490597444, 5.411258544778595 43.62267440697711, 5.365338579604201 43.62485422922409, 5.35147703835734 43.62619882328774, 5.317471585635324 43.63810905486369, 5.308820744290129 43.65380338506021, 5.301317431936683 43.68803526723688, 5.297969334616585 43.69053590741348))"
13780,Cuges-les-Pins,003,Marseille-Aix-en-Provence,53.478778,4906.0,1919.82,13780,Cuges-les-Pins,13,53.478778,4906.0,1919.82,"POLYGON ((5.762794000249024 43.28235797516063, 5.760929138369235 43.26734717569432, 5.738251451223971 43.26210124956904, 5.701220147243386 43.24715588120655, 5.668476571869484 43.25878870586212, 5.661514927019155 43.26723228213813, 5.656949412119141 43.2670475301803, 5.678739737390487 43.29734536434982, 5.694846144114777 43.30420919127187, 5.696332043085238 43.30751157393033, 5.691040150670948 43.31296329647878, 5.726600652782145 43.31736440570852, 5.779006277410535 43.33063859556247, 5.778944112461943 43.31325045560833, 5.772497357907665 43.30019225535375, 5.772535328555028 43.28969649609476, 5.762794000249024 43.28235797516063))"
83860,Nans-les-Pins,003,Marseille-Aix-en-Provence,49.276981,4132.0,1454.06,83860,Nans-les-Pins,83,49.276981,4132.0,1454.06,"POLYGON ((5.738920353126121 43.38046823883433, 5.739737618517321 43.39455336410217, 5.749994874429127 43.4015121882019, 5.778915269219238 43.41007215646484, 5.786163790363926 43.41391017421649, 5.788349137006675 43.42026303284581, 5.796795732370386 43.41896562017983, 5.81025871056426 43.41750073249928, 5.828916057594903 43.40311555002318, 5.837252743974973 43.40042154620517, 5.823118606172046 43.39165380610727, 5.829374373137585 43.38255129001544, 5.828244998668949 43.37239053901453, 5.8214244443992 43.36389102678566, 5.824442434980645 43.35424315105961, 5.792708333950819 43.34521021713023, 5.763889982067889 43.34147725642966, 5.749912609867132 43.34318365832775, 5.743032001073278 43.35643739602232, 5.738920353126121 43.38046823883433))"
83470,Saint-Maximin-la-Sainte-Baume,003,Marseille-Aix-en-Provence,150.469937,18449.0,7120.349,83470,Saint-Maximin-la-Sainte-Baume,83,150.469937,18449.0,7120.349,"POLYGON ((5.914118812176801 43.49401643309849, 5.925415735131905 43.49049752525816, 5.920843455508868 43.47717064858053, 5.922405043593809 43.47044801174459, 5.914326370278784 43.45080503128972, 5.900562660692554 43.44202822542174, 5.893373853413538 43.43322657833374, 5.868149955607603 43.41963732727343, 5.857517004393236 43.41343648825658, 5.85352912995145 43.40724055454282, 5.837252743974973 43.40042154620517, 5.828916057594903 43.40311555002318, 5.81025871056426 43.41750073249928, 5.796795732370386 43.41896562017983, 5.788349137006675 43.42026303284581, 5.787861709850678 43.4204114247576, 5.782834959071545 43.4260225947483, 5.783352605751581 43.4364611898182, 5.776559433870167 43.45668272586536, 5.763551932390238 43.47532608189925, 5.762832575927161 43.48580578339798, 5.774171761124316 43.50478164908283, 5.778336541129582 43.50651965576166, 5.775517207403751 43.51293924694891, 5.780148971690647 43.5186540813531, 5.778416955183878 43.52863734247549, 5.78349058720705 43.53811309684225, 5.815263650924106 43.54350603197302, 5.827675312102436 43.54825197394257, 5.840370268026848 43.54289668122515, 5.858074269382591 43.54374647428151, 5.896983602241565 43.53901354726321, 5.898731803422986 43.52583115901017, 5.914118812176801 43.49401643309849))"
13610,Le Puy-Sainte-Réparade,003,Marseille-Aix-en-Provence,51.262945,5653.0,2147.179,13610,b'Le Puy-Sainte-R\xe9parade',13,51.262945,5653.0,2147.179,"POLYGON ((5.396329263800498 43.67611693553997, 5.370576274430362 43.69370399455702, 5.367931858340132 43.70655379767254, 5.370534551866932 43.70918959675706, 5.388126282798962 43.70218819718136, 5.412713687595595 43.69291349802206, 5.445293663666295 43.68009537220983, 5.488080466361239 43.6676470116486, 5.480832551590058 43.64831251981797, 5.48412532783854 43.63188957202404, 5.476659255618715 43.62348115783987, 5.463795979876902 43.61364550340124, 5.444231814249092 43.62208178147021, 5.411258544778595 43.62267440697711, 5.393562860635212 43.64968490597444, 5.398219766345165 43.65935803825052, 5.396329263800498 43.67611693553997))"
83119,Brue-Auriac,003,Marseille-Aix-en-Provence,36.900558,1210.0,500.0,83119,Brue-Auriac,83,36.900558,1210.0,500.0,"POLYGON ((5.896983602241565 43.53901354726321, 5.915489754620192 43.56027980926584, 5.929848985303996 43.56121611601782, 5.947826807844353 43.55710066371284, 5.967657494288727 43.5474937914538, 5.980686940817011 43.53737647561078, 5.983082982676825 43.52703783014698, 5.97988306879841 43.51471898241692, 5.97136560874154 43.51605079523272, 5.963588559396107 43.51302235520466, 5.955599100333588 43.50922466098734, 5.947552800884226 43.49681249440602, 5.925415735131905 43.49049752525816, 5.914118812176801 43.49401643309849, 5.898731803422986 43.52583115901017, 5.896983602241565 43.53901354726321))"
83149,Bras,003,Marseille-Aix-en-Provence,36.138008,2449.0,978.994,83149,Bras,83,36.138008,2449.0,978.994,"POLYGON ((5.914326370278784 43.45080503128972, 5.922405043593809 43.47044801174459, 5.920843455508868 43.47717064858053, 5.925415735131905 43.49049752525816, 5.947552800884226 43.49681249440602, 5.955599100333588 43.50922466098734, 5.963588559396107 43.51302235520466, 5.977790480155962 43.4994256645427, 5.982010247583201 43.48969406541841, 5.995983499137592 43.48068281144783, 5.992716142480239 43.47086947706773, 5.997567345303934 43.46930414245262, 5.988281308438994 43.44548661563658, 5.988015015415167 43.43132280370702, 5.963651860883696 43.4416075254582, 5.914326370278784 43.45080503128972))"
83170,Brignoles,003,Marseille-Aix-en-Provence,216.604077,26688.0,10958.956,83170,Brignoles,83,216.604077,26688.0,10958.956,"POLYGON ((6.157242699384696 43.38499682159904, 6.178194258369489 43.37968323005783, 6.175236675050235 43.37082949625749, 6.157282706473873 43.36772657925378, 6.147480660067495 43.36044070632794, 6.138353770089156 43.35892327450085, 6.110310810192538 43.35283720909722, 6.10136627157163 43.35213998275613, 6.069245501984827 43.34691634687831, 6.061591760023404 43.34287477896511, 6.056753279554214 43.36278215374352, 6.053307983406549 43.36508483636406, 6.034512330651474 43.36525315488715, 6.019416331787931 43.36988910229287, 5.995993600492142 43.36987426612162, 5.9807534691969 43.3624719424783, 5.96234184146912 43.36340982663537, 5.956506157356746 43.37206773357833, 5.880317440271094 43.37133238327147, 5.866972823713373 43.36106448782857, 5.824442434980645 43.35424315105961, 5.8214244443992 43.36389102678566, 5.828244998668949 43.37239053901453, 5.829374373137585 43.38255129001544, 5.823118606172046 43.39165380610727, 5.837252743974973 43.40042154620517, 5.85352912995145 43.40724055454282, 5.857517004393236 43.41343648825658, 5.868149955607603 43.41963732727343, 5.893373853413538 43.43322657833374, 5.900562660692554 43.44202822542174, 5.914326370278784 43.45080503128972, 5.963651860883696 43.4416075254582, 5.988015015415167 43.43132280370702, 5.988043753654045 43.43069175583428, 6.030876476759735 43.42372169203539, 6.107922013010476 43.43292691364531, 6.114295604297069 43.44156702274427, 6.126180888287261 43.44609553647755, 6.135083138785202 43.44844118359406, 6.142259992427255 43.44431645163914, 6.184345787698661 43.44694084752114, 6.191313884796916 43.44245829071262, 6.184372880688418 43.43760259560309, 6.175153438349941 43.41786658648552, 6.167518241155951 43.41493979625228, 6.165992566726053 43.40876203757119, 6.16892614405563 43.4023649673837, 6.157242699384696 43.38499682159904))"
